,A,B,C,D
0,-0.5986893855765106,0.9862533927551606,0.7751775122592889,0.26904550850938175
1,1.1023427345310461,-0.6054717255518505,0.896161650678665,1.104639750504502
2,-0.8322890467403291,1.6523672081101417,-0.7663441296462943,0.11251778454199456
3,0.43910943440380934,1.3463398048092272,-1.7807112083491505,1.0514163566883659
4,-0.3818591408779018,1.1464629613368056,1.0497719543916797,1.1387987574972476
5,-1.1989210478609762,1.060927460647805,0.36802476447912036,0.5330525822014441
6,-0.34911274599716546,-0.7796790373661381,-0.4226564764332305,1.3169702627445288
7,-0.44589664360605213,-0.06733960667065086,0.9141900797508199,0.6544795656263467
8,-0.16164513337853315,-0.2793444091932339,-0.347184713762824,0.16404082596717928
9,1.3702262869246182,0.18465138367611583,0.1994426066012595,-0.3597381928135181
